,date,symbol,open,high,low,close,volume_btc,volume_usd
26649,2017-07-22 06:00:00,BTCUSD,2741.47,2757.15,2736.52,2752.15,244.09,670639.24
26650,2017-07-22 05:00:00,BTCUSD,2707.07,2743.5,2707.05,2741.47,426.85,1168156.52
26651,2017-07-22 04:00:00,BTCUSD,2714.9,2719.14,2698.01,2707.07,250.39,677280.27
26652,2017-07-22 03:00:00,BTCUSD,2732.6,2734.03,2709.5,2714.9,270.36,735595.22
26653,2017-07-22 02:00:00,BTCUSD,2702.09,2741.08,2690.97,2732.6,633.64,1725809.59
26654,2017-07-22 01:00:00,BTCUSD,2673.15,2719.12,2671.59,2702.09,488.38,1320608.77
26655,2017-07-22 00:00:00,BTCUSD,2657.45,2694.88,2646.95,2673.15,348.7,932343.08
26656,2017-07-21 23:00:00,BTCUSD,2692.92,2699.69,2650.63,2657.45,463.02,1235496.12
26657,2017-07-21 22:00:00,BTCUSD,2632.9,2694.25,2622.33,2692.92,660.2,1757700.48
26658,2017-07-21 21:00:00,BTCUSD,2632.94,2646.27,2617.0,2632.9,595.42,1566629.37
26659,2017-07-21 20:00:00,BTCUSD,2626.47,2649.0,2608.27,2632.94,826.55,2171421.57
26660,2017-07-21 19:00:00,BTCUSD,2633.2,2651.71,2612.1,2626.47,953.63,2511133.58
26661,2017-07-21 18:00:00,BTCUSD,2677.89,2712.06,2632.37,2633.2,898.2,2408578.24
26662,2017-07-21 17:00:00,BTCUSD,2727.0,2727.02,2665.04,2677.89,1224.14,3296173.28
26663,2017-07-21 16:00:00,BTCUSD,2719.52,2743.23,2708.01,2727.0,524.53,1428991.31
26664,2017-07-21 15:00:00,BTCUSD,2746.63,2753.0,2714.0,2719.52,710.15,1941632.57
26665,2017-07-21 14:00:00,BTCUSD,2763.04,2770.0,2735.0,2746.63,430.77,1186439.18
26666,2017-07-21 13:00:00,BTCUSD,2797.87,2798.0,2752.55,2763.04,798.48,2218956.55
26667,2017-07-21 12:00:00,BTCUSD,2764.81,2798.0,2752.63,2797.87,708.58,1963502.21
26668,2017-07-21 11:00:00,BTCUSD,2690.77,2764.9,2690.05,2764.81,664.1,1804919.89
26669,2017-07-21 10:00:00,BTCUSD,2735.5,2735.5,2690.06,2690.77,307.19,833337.89
26670,2017-07-21 09:00:00,BTCUSD,2705.31,2758.98,2703.86,2735.5,314.72,861548.66
26671,2017-07-21 08:00:00,BTCUSD,2773.01,2773.01,2700.49,2705.31,411.38,1125521.63
26672,2017-07-21 07:00:00,BTCUSD,2766.66,2773.01,2726.85,2773.01,707.1,1947679.06
26673,2017-07-21 06:00:00,BTCUSD,2787.91,2794.83,2745.5,2766.66,799.8,2218296.12
26674,2017-07-21 05:00:00,BTCUSD,2759.34,2797.0,2732.21,2787.91,773.4,2133320.07
26675,2017-07-21 04:00:00,BTCUSD,2721.54,2770.0,2678.42,2759.34,1082.48,2954397.46
26676,2017-07-21 03:00:00,BTCUSD,2715.03,2724.69,2653.2,2721.54,1447.64,3872375.85
26677,2017-07-21 02:00:00,BTCUSD,2798.81,2800.0,2700.0,2715.03,1969.7,5403185.87
26678,2017-07-21 01:00:00,BTCUSD,2746.0,2811.94,2743.09,2798.81,1503.93,4172234.42
26679,2017-07-21 00:00:00,BTCUSD,2873.48,2880.0,2681.0,2746.0,4225.03,11642270.2
26680,2017-07-20 23:00:00,BTCUSD,2846.0,2957.0,2741.01,2873.48,6210.78,17643459.86
26681,2017-07-20 22:00:00,BTCUSD,2740.0,2847.84,2739.99,2846.0,2247.52,6268782.22
26682,2017-07-20 21:00:00,BTCUSD,2729.99,2769.0,2700.73,2740.0,2114.03,5791658.81
26683,2017-07-20 20:00:00,BTCUSD,2651.94,2729.99,2650.4,2729.99,2504.07,6772397.47
26684,2017-07-20 19:00:00,BTCUSD,2649.59,2682.5,2628.08,2651.94,1647.02,4384758.35
26685,2017-07-20 18:00:00,BTCUSD,2600.08,2649.98,2565.0,2649.59,1373.74,3574004.07
26686,2017-07-20 17:00:00,BTCUSD,2588.14,2637.99,2584.11,2600.08,1515.41,3956730.59
26687,2017-07-20 16:00:00,BTCUSD,2622.0,2682.0,2584.25,2588.14,2020.19,5353024.26
26688,2017-07-20 15:00:00,BTCUSD,2573.5,2661.24,2573.5,2622.0,2090.54,5498497.62
26689,2017-07-20 14:00:00,BTCUSD,2607.66,2626.03,2552.79,2573.5,2338.3,6074588.4
26690,2017-07-20 13:00:00,BTCUSD,2511.24,2615.0,2502.25,2607.66,2294.12,5878263.66
26691,2017-07-20 12:00:00,BTCUSD,2462.41,2557.67,2427.54,2511.24,2837.61,7129633.53
26692,2017-07-20 11:00:00,BTCUSD,2332.79,2469.0,2332.25,2462.41,1502.68,3634806.07
26693,2017-07-20 10:00:00,BTCUSD,2322.62,2339.39,2322.2,2332.79,487.36,1136638.17
26694,2017-07-20 09:00:00,BTCUSD,2329.48,2329.81,2311.69,2322.62,250.38,580325.13
26695,2017-07-20 08:00:00,BTCUSD,2315.7,2329.48,2309.12,2329.48,287.51,666315.07
26696,2017-07-20 07:00:00,BTCUSD,2318.55,2323.39,2302.05,2315.7,363.52,841119.85
26697,2017-07-20 06:00:00,BTCUSD,2339.85,2349.22,2316.0,2318.55,391.94,916557.3
26698,2017-07-20 05:00:00,BTCUSD,2319.43,2344.74,2317.5,2339.85,462.6,1079197.08
26699,2017-07-20 04:00:00,BTCUSD,2320.01,2326.99,2316.5,2319.43,575.88,1337534.22
26700,2017-07-20 03:00:00,BTCUSD,2328.26,2332.68,2316.43,2320.01,746.34,1732940.19
26701,2017-07-20 02:00:00,BTCUSD,2312.36,2335.0,2296.06,2328.26,800.57,1856062.99
26702,2017-07-20 01:00:00,BTCUSD,2274.25,2317.56,2271.76,2312.36,715.02,1642072.6
26703,2017-07-20 00:00:00,BTCUSD,2258.99,2279.0,2258.99,2274.25,648.99,1475556.49
26704,2017-07-19 23:00:00,BTCUSD,2261.4,2273.98,2242.63,2258.99,793.61,1789417.66
26705,2017-07-19 22:00:00,BTCUSD,2259.45,2279.42,2251.12,2261.4,524.85,1189302.14
26706,2017-07-19 21:00:00,BTCUSD,2255.0,2282.0,2245.01,2259.45,1103.37,2497648.06
26707,2017-07-19 20:00:00,BTCUSD,2217.25,2255.0,2216.0,2255.0,1465.89,3278217.89
26708,2017-07-19 19:00:00,BTCUSD,2283.14,2283.2,2217.2,2217.25,1729.68,3893414.27
26709,2017-07-19 18:00:00,BTCUSD,2279.83,2285.0,2264.01,2283.14,879.38,2001009.45
26710,2017-07-19 17:00:00,BTCUSD,2297.04,2308.82,2273.09,2279.83,504.8,1159676.84
26711,2017-07-19 16:00:00,BTCUSD,2315.0,2324.9,2275.0,2297.04,830.05,1907290.58
26712,2017-07-19 15:00:00,BTCUSD,2340.08,2347.98,2307.1,2315.0,871.4,2031368.36
26713,2017-07-19 14:00:00,BTCUSD,2290.0,2342.59,2288.0,2340.08,1059.26,2452293.18
26714,2017-07-19 13:00:00,BTCUSD,2322.46,2327.99,2289.16,2290.0,714.62,1645626.59
26715,2017-07-19 12:00:00,BTCUSD,2345.47,2345.47,2311.0,2322.46,651.55,1516096.86
26716,2017-07-19 11:00:00,BTCUSD,2363.9,2365.09,2340.05,2345.47,367.8,864754.55
26717,2017-07-19 10:00:00,BTCUSD,2359.46,2379.3,2358.43,2363.9,359.14,851715.67
26718,2017-07-19 09:00:00,BTCUSD,2372.79,2372.79,2344.58,2359.46,459.13,1081562.34
26719,2017-07-19 08:00:00,BTCUSD,2376.56,2396.0,2367.28,2372.79,489.93,1165489.95
26720,2017-07-19 07:00:00,BTCUSD,2348.33,2388.99,2340.0,2376.56,545.82,1293261.59
26721,2017-07-19 06:00:00,BTCUSD,2349.39,2370.06,2337.0,2348.33,723.91,1707416.78
26722,2017-07-19 05:00:00,BTCUSD,2324.69,2350.84,2316.97,2349.39,821.82,1917987.54
26723,2017-07-19 04:00:00,BTCUSD,2341.97,2346.87,2297.06,2324.69,708.98,1647942.58
26724,2017-07-19 03:00:00,BTCUSD,2279.99,2349.1,2279.99,2341.97,929.45,2162042.57
26725,2017-07-19 02:00:00,BTCUSD,2281.12,2287.51,2255.08,2279.99,598.32,1355546.66
26726,2017-07-19 01:00:00,BTCUSD,2263.27,2298.0,2246.21,2281.12,741.93,1682028.41
26727,2017-07-19 00:00:00,BTCUSD,2308.15,2308.22,2244.69,2263.27,680.23,1545460.57
26728,2017-07-18 23:00:00,BTCUSD,2281.22,2317.0,2278.43,2308.15,1085.15,2493869.77
26729,2017-07-18 22:00:00,BTCUSD,2349.96,2349.96,2256.23,2281.22,1726.25,3973763.33
26730,2017-07-18 21:00:00,BTCUSD,2366.69,2366.69,2329.16,2349.96,1106.21,2599864.85
26731,2017-07-18 20:00:00,BTCUSD,2352.65,2393.43,2347.05,2366.69,772.1,1832443.77
26732,2017-07-18 19:00:00,BTCUSD,2341.96,2374.0,2338.9,2352.65,1772.72,4180556.84
26733,2017-07-18 18:00:00,BTCUSD,2326.69,2354.32,2326.46,2341.96,841.1,1970413.27
26734,2017-07-18 17:00:00,BTCUSD,2302.01,2335.72,2285.81,2326.69,725.38,1678424.29
26735,2017-07-18 16:00:00,BTCUSD,2354.19,2354.19,2278.0,2302.01,1439.68,3328456.5
26736,2017-07-18 15:00:00,BTCUSD,2360.41,2365.84,2336.0,2354.19,1920.24,4512863.15
26737,2017-07-18 14:00:00,BTCUSD,2319.9,2363.15,2315.72,2360.41,1746.23,4079497.95
26738,2017-07-18 13:00:00,BTCUSD,2300.0,2322.78,2295.1,2319.9,956.99,2209501.12
26739,2017-07-18 12:00:00,BTCUSD,2285.94,2305.0,2276.32,2300.0,812.58,1865478.88
26740,2017-07-18 11:00:00,BTCUSD,2241.46,2305.65,2237.86,2285.94,1064.97,2432743.75
26741,2017-07-18 10:00:00,BTCUSD,2253.05,2253.05,2215.76,2241.46,393.14,877843.55
26742,2017-07-18 09:00:00,BTCUSD,2245.0,2254.37,2216.02,2253.05,318.6,711669.94
26743,2017-07-18 08:00:00,BTCUSD,2253.1,2272.47,2245.0,2245.0,357.75,805492.21
26744,2017-07-18 07:00:00,BTCUSD,2245.99,2276.76,2245.99,2253.1,1091.57,2472808.39
26745,2017-07-18 06:00:00,BTCUSD,2223.27,2249.68,2219.9,2245.99,765.41,1710470.71
26746,2017-07-18 05:00:00,BTCUSD,2182.93,2228.0,2169.58,2223.27,689.09,1511145.51
26747,2017-07-18 04:00:00,BTCUSD,2164.49,2193.97,2134.37,2182.93,909.44,1961709.27
26748,2017-07-18 03:00:00,BTCUSD,2194.99,2198.0,2156.08,2164.49,542.58,1181512.5
26749,2017-07-18 02:00:00,BTCUSD,2198.8,2199.95,2170.3,2194.99,504.27,1102903.02
26750,2017-07-18 01:00:00,BTCUSD,2193.91,2199.99,2146.79,2198.8,1067.35,2315081.05
26751,2017-07-18 00:00:00,BTCUSD,2235.19,2236.65,2186.65,2193.91,1148.63,2538898.7
26752,2017-07-17 23:00:00,BTCUSD,2200.0,2238.07,2198.0,2235.19,1424.48,3153499.93
26753,2017-07-17 22:00:00,BTCUSD,2156.51,2200.0,2156.51,2200.0,971.55,2115226.83
26754,2017-07-17 21:00:00,BTCUSD,2174.6,2189.8,2149.99,2156.51,1208.12,2627640.64
26755,2017-07-17 20:00:00,BTCUSD,2124.0,2186.75,2123.99,2174.6,1561.1,3383597.69
26756,2017-07-17 19:00:00,BTCUSD,2139.17,2146.0,2111.21,2124.0,644.49,1371168.29
26757,2017-07-17 18:00:00,BTCUSD,2133.21,2149.9,2116.94,2139.17,1067.39,2280292.52
26758,2017-07-17 17:00:00,BTCUSD,2057.99,2145.2,2057.45,2133.21,1692.67,3580309.53
26759,2017-07-17 16:00:00,BTCUSD,2045.09,2067.0,2043.31,2057.99,506.62,1041764.55
26760,2017-07-17 15:00:00,BTCUSD,2063.0,2079.0,2045.01,2045.09,868.01,1794261.19
26761,2017-07-17 14:00:00,BTCUSD,2007.98,2063.0,2007.98,2063.0,947.35,1930673.67
26762,2017-07-17 13:00:00,BTCUSD,2000.0,2021.0,1995.12,2007.98,615.72,1237489.56
26763,2017-07-17 12:00:00,BTCUSD,2006.71,2017.97,1976.0,2000.0,958.56,1913365.83
26764,2017-07-17 11:00:00,BTCUSD,2028.44,2050.69,1998.98,2006.71,637.4,1295609.08
26765,2017-07-17 10:00:00,BTCUSD,2071.62,2073.33,2025.47,2028.44,1095.56,2250149.22
26766,2017-07-17 09:00:00,BTCUSD,2068.01,2086.95,2039.95,2071.62,867.51,1792062.86
26767,2017-07-17 08:00:00,BTCUSD,2055.87,2090.16,2046.55,2068.01,705.38,1461816.34
26768,2017-07-17 07:00:00,BTCUSD,2028.48,2078.81,2024.51,2055.87,895.76,1843056.46
26769,2017-07-17 06:00:00,BTCUSD,1978.0,2029.64,1977.99,2028.48,966.69,1940440.3
26770,2017-07-17 05:00:00,BTCUSD,1972.98,1979.99,1956.43,1978.0,304.39,600696.64
26771,2017-07-17 04:00:00,BTCUSD,1952.77,1974.99,1952.77,1972.98,424.83,835122.2
26772,2017-07-17 03:00:00,BTCUSD,1947.4,1955.67,1921.22,1952.77,610.73,1183650.95
26773,2017-07-17 02:00:00,BTCUSD,1972.37,1978.71,1946.85,1947.4,835.04,1640025.51
26774,2017-07-17 01:00:00,BTCUSD,1936.96,1979.19,1923.95,1972.37,876.34,1710892.62
26775,2017-07-17 00:00:00,BTCUSD,1910.86,1939.95,1909.58,1936.96,731.74,1406397.36
26776,2017-07-16 23:00:00,BTCUSD,1921.91,1938.0,1891.07,1910.86,696.94,1333393.29
26777,2017-07-16 22:00:00,BTCUSD,1888.7,1921.91,1872.27,1921.91,744.43,1410956.68
26778,2017-07-16 21:00:00,BTCUSD,1866.15,1898.0,1852.06,1888.7,755.43,1414382.17
26779,2017-07-16 20:00:00,BTCUSD,1854.27,1904.98,1852.0,1866.15,817.23,1535571.58
26780,2017-07-16 19:00:00,BTCUSD,1904.17,1904.17,1853.56,1854.27,1165.98,2182263.03
26781,2017-07-16 18:00:00,BTCUSD,1938.02,1938.2,1891.73,1904.17,1164.75,2226301.85
26782,2017-07-16 17:00:00,BTCUSD,1954.01,1954.01,1912.97,1938.02,897.79,1735416.78
26783,2017-07-16 16:00:00,BTCUSD,1886.52,1956.07,1886.52,1954.01,1017.47,1948739.58
26784,2017-07-16 15:00:00,BTCUSD,1875.53,1919.99,1875.53,1886.52,739.71,1405816.46
26785,2017-07-16 14:00:00,BTCUSD,1890.96,1898.67,1852.0,1875.53,1018.84,1911854.21
26786,2017-07-16 13:00:00,BTCUSD,1785.01,1928.03,1758.2,1890.96,1853.02,3428567.46
26787,2017-07-16 12:00:00,BTCUSD,1843.92,1858.27,1785.01,1785.01,1947.13,3555236.12
26788,2017-07-16 11:00:00,BTCUSD,1906.61,1906.64,1843.56,1843.92,1291.1,2423158.06
26789,2017-07-16 10:00:00,BTCUSD,1905.5,1921.19,1900.01,1906.61,654.41,1250563.12
26790,2017-07-16 09:00:00,BTCUSD,1964.42,1964.43,1905.0,1905.5,713.39,1374340.78
26791,2017-07-16 08:00:00,BTCUSD,1956.31,1972.7,1950.63,1964.42,312.52,612107.59
26792,2017-07-16 07:00:00,BTCUSD,1984.86,1987.78,1952.65,1956.31,433.65,853098.03
26793,2017-07-16 06:00:00,BTCUSD,1999.91,1999.92,1948.63,1984.86,1272.7,2505990.32
26794,2017-07-16 05:00:00,BTCUSD,1998.95,2017.23,1990.28,1999.91,330.2,661027.03
26795,2017-07-16 04:00:00,BTCUSD,2018.67,2028.0,1991.28,1998.95,513.26,1032588.14
26796,2017-07-16 03:00:00,BTCUSD,2018.45,2043.94,2012.71,2018.67,435.83,886147.0
26797,2017-07-16 02:00:00,BTCUSD,1980.59,2030.52,1977.05,2018.45,447.16,900516.58
26798,2017-07-16 01:00:00,BTCUSD,1954.7,2004.36,1941.54,1980.59,982.35,1937410.55
26799,2017-07-16 00:00:00,BTCUSD,1964.31,1996.99,1933.96,1954.7,1519.04,2980244.43
26800,2017-07-15 23:00:00,BTCUSD,2026.65,2045.63,1964.31,1964.31,1141.34,2284285.68
26801,2017-07-15 22:00:00,BTCUSD,2031.0,2055.95,2018.53,2026.65,525.6,1073439.87
26802,2017-07-15 21:00:00,BTCUSD,2012.98,2053.52,2001.03,2031.0,592.57,1199359.76
26803,2017-07-15 20:00:00,BTCUSD,2085.96,2085.96,2012.0,2012.98,776.53,1585803.41
26804,2017-07-15 19:00:00,BTCUSD,2076.07,2094.98,2070.4,2085.96,458.06,954152.89
26805,2017-07-15 18:00:00,BTCUSD,2082.99,2097.41,2065.5,2076.07,489.55,1019061.53
26806,2017-07-15 17:00:00,BTCUSD,2055.96,2110.06,2052.07,2082.99,918.41,1912460.88
26807,2017-07-15 16:00:00,BTCUSD,2031.1,2073.95,2021.82,2055.96,723.35,1484358.82
26808,2017-07-15 15:00:00,BTCUSD,2011.26,2043.88,1995.0,2031.1,1187.3,2393567.56
26809,2017-07-15 14:00:00,BTCUSD,2022.94,2022.94,1975.01,2011.26,1406.73,2812999.74
26810,2017-07-15 13:00:00,BTCUSD,2041.98,2070.19,2016.27,2022.94,740.06,1511075.17
26811,2017-07-15 12:00:00,BTCUSD,2065.79,2065.79,2015.1,2041.98,894.79,1823485.69
26812,2017-07-15 11:00:00,BTCUSD,2095.35,2095.4,2058.85,2065.79,345.49,716122.18
26813,2017-07-15 10:00:00,BTCUSD,2078.45,2103.49,2074.86,2095.35,206.83,432862.51
26814,2017-07-15 09:00:00,BTCUSD,2064.28,2100.0,2053.2,2078.45,422.6,877254.52
26815,2017-07-15 08:00:00,BTCUSD,2064.96,2084.41,2047.29,2064.28,484.82,998267.62
26816,2017-07-15 07:00:00,BTCUSD,2106.19,2108.8,2056.55,2064.96,507.56,1052190.52
26817,2017-07-15 06:00:00,BTCUSD,2095.0,2127.14,2091.5,2106.19,495.81,1043595.53
26818,2017-07-15 05:00:00,BTCUSD,2130.03,2137.52,2093.93,2095.0,596.21,1262227.02
26819,2017-07-15 04:00:00,BTCUSD,2101.02,2145.34,2095.01,2130.03,827.21,1753381.74
26820,2017-07-15 03:00:00,BTCUSD,2136.68,2162.77,2100.59,2101.02,885.49,1882102.25
26821,2017-07-15 02:00:00,BTCUSD,2187.79,2187.79,2135.0,2136.68,681.77,1475097.64
26822,2017-07-15 01:00:00,BTCUSD,2211.5,2217.14,2185.32,2187.79,546.23,1204187.37
26823,2017-07-15 00:00:00,BTCUSD,2217.24,2224.82,2200.0,2211.5,463.05,1023623.18
26824,2017-07-14 23:00:00,BTCUSD,2203.01,2228.14,2200.58,2217.24,656.31,1455201.07
26825,2017-07-14 22:00:00,BTCUSD,2177.91,2210.07,2166.33,2203.01,515.95,1129820.48
26826,2017-07-14 21:00:00,BTCUSD,2162.02,2188.0,2150.0,2177.91,679.42,1474261.2
26827,2017-07-14 20:00:00,BTCUSD,2200.0,2200.0,2156.25,2162.02,793.53,1724508.17
26828,2017-07-14 19:00:00,BTCUSD,2217.41,2218.0,2195.06,2200.0,509.59,1124314.41
26829,2017-07-14 18:00:00,BTCUSD,2199.61,2219.69,2180.0,2217.41,695.21,1527912.1
26830,2017-07-14 17:00:00,BTCUSD,2206.5,2207.0,2178.92,2199.61,988.7,2169695.83
26831,2017-07-14 16:00:00,BTCUSD,2246.49,2262.0,2187.0,2206.5,1600.1,3546017.99
26832,2017-07-14 15:00:00,BTCUSD,2269.79,2281.1,2245.0,2246.49,786.68,1778946.38
26833,2017-07-14 14:00:00,BTCUSD,2270.07,2270.87,2250.0,2269.79,1041.6,2352371.97
26834,2017-07-14 13:00:00,BTCUSD,2270.0,2287.6,2265.68,2270.07,762.14,1736582.61
26835,2017-07-14 12:00:00,BTCUSD,2328.09,2328.09,2268.91,2270.0,1225.03,2809504.4
26836,2017-07-14 11:00:00,BTCUSD,2342.15,2342.16,2328.07,2328.09,124.72,291195.52
26837,2017-07-14 10:00:00,BTCUSD,2335.42,2342.79,2327.01,2342.15,94.32,220182.35
26838,2017-07-14 09:00:00,BTCUSD,2337.38,2340.01,2333.19,2335.42,192.45,449915.51
26839,2017-07-14 08:00:00,BTCUSD,2340.0,2342.18,2327.67,2337.38,162.24,378592.01
26840,2017-07-14 07:00:00,BTCUSD,2340.05,2349.28,2337.11,2340.0,344.65,807014.41
26841,2017-07-14 06:00:00,BTCUSD,2325.03,2340.92,2325.03,2340.05,259.82,605532.63
26842,2017-07-14 05:00:00,BTCUSD,2323.34,2329.73,2320.13,2325.03,178.13,414252.92
26843,2017-07-14 04:00:00,BTCUSD,2308.5,2326.23,2308.49,2323.34,372.04,862538.05
26844,2017-07-14 03:00:00,BTCUSD,2301.83,2316.01,2301.08,2308.5,296.83,685548.13
26845,2017-07-14 02:00:00,BTCUSD,2312.02,2312.67,2301.0,2301.83,359.96,831118.23
26846,2017-07-14 01:00:00,BTCUSD,2336.67,2339.87,2312.0,2312.02,556.47,1293402.99
26847,2017-07-14 00:00:00,BTCUSD,2340.0,2349.03,2329.16,2336.67,349.87,817388.15
26848,2017-07-13 23:00:00,BTCUSD,2345.24,2351.15,2336.83,2340.0,259.21,607876.3
26849,2017-07-13 22:00:00,BTCUSD,2334.5,2347.88,2324.6,2345.24,423.93,992012.92
26850,2017-07-13 21:00:00,BTCUSD,2338.6,2339.99,2320.95,2334.5,384.26,896116.71
26851,2017-07-13 20:00:00,BTCUSD,2335.22,2339.19,2323.71,2338.6,377.11,879903.88
26852,2017-07-13 19:00:00,BTCUSD,2326.28,2335.9,2312.64,2335.22,305.9,710995.12
26853,2017-07-13 18:00:00,BTCUSD,2319.43,2339.19,2308.18,2326.28,555.97,1292006.05
26854,2017-07-13 17:00:00,BTCUSD,2340.01,2340.01,2308.14,2319.43,788.09,1831171.13
26855,2017-07-13 16:00:00,BTCUSD,2330.98,2341.39,2330.5,2340.01,552.96,1290843.16
26856,2017-07-13 15:00:00,BTCUSD,2367.54,2367.54,2320.52,2330.98,878.78,2054194.03
26857,2017-07-13 14:00:00,BTCUSD,2362.94,2370.65,2350.05,2367.54,420.65,992278.2
26858,2017-07-13 13:00:00,BTCUSD,2380.02,2380.28,2356.04,2362.94,393.52,930552.2
26859,2017-07-13 12:00:00,BTCUSD,2385.76,2389.95,2380.02,2380.02,255.81,610039.84
26860,2017-07-13 11:00:00,BTCUSD,2373.01,2385.76,2370.54,2385.76,176.88,421180.93
26861,2017-07-13 10:00:00,BTCUSD,2371.39,2378.46,2367.04,2373.01,261.78,620871.62
26862,2017-07-13 09:00:00,BTCUSD,2378.65,2378.66,2371.12,2371.39,192.92,458336.76
26863,2017-07-13 08:00:00,BTCUSD,2371.04,2379.0,2362.5,2378.65,472.44,1119693.57
26864,2017-07-13 07:00:00,BTCUSD,2384.0,2384.0,2371.04,2371.04,328.26,780243.12
26865,2017-07-13 06:00:00,BTCUSD,2385.0,2385.01,2382.16,2384.0,275.72,657204.04
26866,2017-07-13 05:00:00,BTCUSD,2387.21,2393.7,2377.72,2385.0,495.03,1181062.75
26867,2017-07-13 04:00:00,BTCUSD,2410.0,2410.0,2386.1,2387.21,413.64,994782.45
26868,2017-07-13 03:00:00,BTCUSD,2404.99,2416.79,2404.71,2410.0,382.21,922011.49
26869,2017-07-13 02:00:00,BTCUSD,2392.96,2404.99,2392.55,2404.99,277.38,665379.49
26870,2017-07-13 01:00:00,BTCUSD,2383.62,2392.97,2377.26,2392.96,259.85,619789.35
26871,2017-07-13 00:00:00,BTCUSD,2383.42,2393.4,2375.01,2383.62,409.23,975828.59
26872,2017-07-12 23:00:00,BTCUSD,2376.99,2387.73,2357.0,2383.42,573.52,1360373.3
26873,2017-07-12 22:00:00,BTCUSD,2364.43,2382.14,2358.35,2376.99,556.96,1319980.14
26874,2017-07-12 21:00:00,BTCUSD,2378.52,2378.58,2350.05,2364.43,593.75,1402857.05
26875,2017-07-12 20:00:00,BTCUSD,2397.69,2403.94,2361.69,2378.52,556.17,1327643.18
26876,2017-07-12 19:00:00,BTCUSD,2400.0,2410.0,2391.01,2397.69,861.03,2067270.36
26877,2017-07-12 18:00:00,BTCUSD,2403.61,2403.61,2386.19,2400.0,544.79,1305047.64
26878,2017-07-12 17:00:00,BTCUSD,2393.62,2415.0,2383.24,2403.61,929.97,2233579.99
26879,2017-07-12 16:00:00,BTCUSD,2370.0,2393.95,2367.05,2393.62,738.53,1758508.14
26880,2017-07-12 15:00:00,BTCUSD,2354.99,2380.0,2354.13,2370.0,812.18,1922431.23
26881,2017-07-12 14:00:00,BTCUSD,2344.3,2355.96,2343.06,2354.99,505.2,1187258.64
26882,2017-07-12 13:00:00,BTCUSD,2341.99,2346.0,2340.0,2344.3,262.35,614650.75
26883,2017-07-12 12:00:00,BTCUSD,2353.23,2365.12,2340.0,2341.99,440.29,1036764.99
26884,2017-07-12 11:00:00,BTCUSD,2338.54,2365.49,2331.33,2353.23,419.33,984901.21
26885,2017-07-12 10:00:00,BTCUSD,2337.0,2343.52,2321.54,2338.54,247.19,577055.01
26886,2017-07-12 09:00:00,BTCUSD,2323.6,2344.69,2323.56,2337.0,444.35,1038240.12
26887,2017-07-12 08:00:00,BTCUSD,2309.27,2328.62,2297.03,2323.6,472.12,1091884.2
26888,2017-07-12 07:00:00,BTCUSD,2303.08,2309.99,2291.28,2309.27,331.18,761856.17
26889,2017-07-12 06:00:00,BTCUSD,2300.75,2311.15,2293.5,2303.08,351.76,810112.09
26890,2017-07-12 05:00:00,BTCUSD,2311.11,2313.98,2290.0,2300.75,727.84,1676552.58
26891,2017-07-12 04:00:00,BTCUSD,2261.42,2322.03,2258.25,2311.11,712.24,1638386.35
26892,2017-07-12 03:00:00,BTCUSD,2255.49,2293.72,2254.0,2261.42,738.41,1679791.56
26893,2017-07-12 02:00:00,BTCUSD,2260.3,2268.89,2250.0,2255.49,843.93,1904508.59
26894,2017-07-12 01:00:00,BTCUSD,2281.8,2293.24,2260.0,2260.3,480.4,1092291.32
26895,2017-07-12 00:00:00,BTCUSD,2310.01,2310.01,2262.73,2281.8,689.68,1578504.68
26896,2017-07-11 23:00:00,BTCUSD,2341.45,2342.5,2300.0,2310.01,784.13,1820818.88
26897,2017-07-11 22:00:00,BTCUSD,2329.63,2356.73,2322.41,2341.45,520.12,1216184.69
26898,2017-07-11 21:00:00,BTCUSD,2333.01,2343.99,2324.14,2329.63,523.7,1224082.64
26899,2017-07-11 20:00:00,BTCUSD,2310.83,2337.23,2309.01,2333.01,533.77,1239490.22
26900,2017-07-11 19:00:00,BTCUSD,2346.82,2350.5,2309.0,2310.83,930.95,2166973.23
26901,2017-07-11 18:00:00,BTCUSD,2361.42,2362.27,2339.98,2346.82,394.99,928564.87
26902,2017-07-11 17:00:00,BTCUSD,2360.5,2365.8,2355.62,2361.42,475.67,1122862.73
26903,2017-07-11 16:00:00,BTCUSD,2365.7,2368.96,2356.02,2360.5,676.19,1597816.76
26904,2017-07-11 15:00:00,BTCUSD,2368.96,2373.46,2360.0,2365.7,416.75,985996.39
26905,2017-07-11 14:00:00,BTCUSD,2374.97,2377.04,2335.0,2368.96,592.01,1398806.45
26906,2017-07-11 13:00:00,BTCUSD,2408.02,2410.0,2351.84,2374.97,855.6,2042774.36
26907,2017-07-11 12:00:00,BTCUSD,2360.1,2408.76,2359.98,2408.02,1057.12,2513044.67
26908,2017-07-11 11:00:00,BTCUSD,2358.24,2374.99,2353.17,2360.1,403.09,952697.34
26909,2017-07-11 10:00:00,BTCUSD,2362.9,2371.97,2342.85,2358.24,299.58,706764.67
26910,2017-07-11 09:00:00,BTCUSD,2325.01,2362.9,2322.34,2362.9,490.38,1151384.0
26911,2017-07-11 08:00:00,BTCUSD,2345.59,2347.9,2324.55,2325.01,347.65,812722.49
26912,2017-07-11 07:00:00,BTCUSD,2280.0,2350.0,2277.85,2345.59,732.59,1699474.25
26913,2017-07-11 06:00:00,BTCUSD,2331.47,2331.5,2265.0,2280.0,800.26,1838161.86
26914,2017-07-11 05:00:00,BTCUSD,2326.78,2352.14,2325.99,2331.47,592.68,1385715.59
26915,2017-07-11 04:00:00,BTCUSD,2333.3,2340.0,2290.94,2326.78,746.96,1732177.8
26916,2017-07-11 03:00:00,BTCUSD,2361.5,2368.0,2318.65,2333.3,704.07,1645073.05
26917,2017-07-11 02:00:00,BTCUSD,2373.38,2381.04,2325.52,2361.5,827.71,1952519.95
26918,2017-07-11 01:00:00,BTCUSD,2363.43,2377.85,2354.55,2373.38,844.61,1999518.68
26919,2017-07-11 00:00:00,BTCUSD,2331.05,2377.42,2329.68,2363.43,1105.96,2609084.96
26920,2017-07-10 23:00:00,BTCUSD,2332.92,2348.98,2250.0,2331.05,2670.17,6145632.05
26921,2017-07-10 22:00:00,BTCUSD,2341.31,2363.65,2315.24,2332.92,985.07,2305836.16
26922,2017-07-10 21:00:00,BTCUSD,2390.0,2390.0,2330.05,2341.31,1572.71,3697985.04
26923,2017-07-10 20:00:00,BTCUSD,2404.61,2409.06,2365.0,2390.0,757.32,1808550.22
26924,2017-07-10 19:00:00,BTCUSD,2399.22,2419.41,2397.11,2404.61,680.66,1639276.69
26925,2017-07-10 18:00:00,BTCUSD,2420.19,2420.19,2390.0,2399.22,880.21,2119365.08
26926,2017-07-10 17:00:00,BTCUSD,2412.81,2426.77,2401.0,2420.19,615.54,1486017.95
26927,2017-07-10 16:00:00,BTCUSD,2383.14,2429.85,2383.13,2412.81,742.27,1796696.97
26928,2017-07-10 15:00:00,BTCUSD,2403.21,2425.46,2369.71,2383.14,981.32,2354170.0
26929,2017-07-10 14:00:00,BTCUSD,2430.73,2444.0,2376.0,2403.21,1729.19,4169956.02
26930,2017-07-10 13:00:00,BTCUSD,2470.0,2481.23,2419.69,2430.73,587.38,1443620.33
26931,2017-07-10 12:00:00,BTCUSD,2494.88,2501.07,2460.0,2470.0,825.33,2046955.68
26932,2017-07-10 11:00:00,BTCUSD,2514.75,2515.14,2492.66,2494.88,357.64,895639.85
26933,2017-07-10 10:00:00,BTCUSD,2517.83,2519.96,2508.25,2514.75,108.21,272033.9
26934,2017-07-10 09:00:00,BTCUSD,2515.0,2520.79,2512.35,2517.83,140.31,353171.57
26935,2017-07-10 08:00:00,BTCUSD,2515.91,2516.81,2513.38,2515.0,157.6,396257.77
26936,2017-07-10 07:00:00,BTCUSD,2516.29,2520.99,2513.38,2515.91,229.14,576636.18
26937,2017-07-10 06:00:00,BTCUSD,2516.73,2516.84,2509.63,2516.29,132.39,332811.31
26938,2017-07-10 05:00:00,BTCUSD,2512.94,2517.3,2510.0,2516.73,106.47,267566.27
26939,2017-07-10 04:00:00,BTCUSD,2511.02,2513.38,2499.3,2512.94,323.1,809537.59
26940,2017-07-10 03:00:00,BTCUSD,2514.86,2514.86,2510.0,2511.02,101.5,254986.27
26941,2017-07-10 02:00:00,BTCUSD,2517.0,2523.0,2495.78,2514.86,341.32,858514.08
26942,2017-07-10 01:00:00,BTCUSD,2497.15,2517.0,2495.93,2517.0,268.42,673168.31
26943,2017-07-10 00:00:00,BTCUSD,2508.99,2514.12,2495.5,2497.15,252.85,632986.75
26944,2017-07-09 23:00:00,BTCUSD,2522.98,2522.99,2500.0,2508.99,352.88,885571.38
26945,2017-07-09 22:00:00,BTCUSD,2535.0,2535.89,2512.37,2522.98,400.08,1009481.94
26946,2017-07-09 21:00:00,BTCUSD,2538.99,2539.95,2528.08,2535.0,220.81,559465.11
26947,2017-07-09 20:00:00,BTCUSD,2542.72,2545.8,2537.36,2538.99,228.74,581502.71
26948,2017-07-09 19:00:00,BTCUSD,2539.82,2543.62,2520.44,2542.72,386.95,981950.24
26949,2017-07-09 18:00:00,BTCUSD,2553.79,2554.79,2539.42,2539.82,201.58,513366.77
26950,2017-07-09 17:00:00,BTCUSD,2555.67,2555.7,2552.44,2553.79,214.86,548780.46
26951,2017-07-09 16:00:00,BTCUSD,2559.32,2561.96,2553.62,2555.67,270.41,691472.77
26952,2017-07-09 15:00:00,BTCUSD,2556.92,2567.43,2556.92,2559.32,281.17,720214.9
26953,2017-07-09 14:00:00,BTCUSD,2552.33,2557.4,2551.06,2556.92,182.21,465124.38
26954,2017-07-09 13:00:00,BTCUSD,2552.78,2557.24,2524.17,2552.33,436.76,1111347.04
26955,2017-07-09 12:00:00,BTCUSD,2553.34,2555.88,2548.5,2552.78,121.26,309411.47
26956,2017-07-09 11:00:00,BTCUSD,2554.6,2559.46,2550.94,2553.34,99.12,253440.94
26957,2017-07-09 10:00:00,BTCUSD,2553.98,2559.09,2550.02,2554.6,97.15,248350.87
26958,2017-07-09 09:00:00,BTCUSD,2548.63,2556.28,2548.5,2553.98,179.67,458244.4
26959,2017-07-09 08:00:00,BTCUSD,2549.65,2550.42,2548.5,2548.63,130.82,333455.82
26960,2017-07-09 07:00:00,BTCUSD,2555.95,2557.0,2548.53,2549.65,94.54,241249.61
26961,2017-07-09 06:00:00,BTCUSD,2559.39,2560.46,2548.5,2555.95,141.55,361369.85
26962,2017-07-09 05:00:00,BTCUSD,2572.95,2572.95,2555.0,2559.39,287.43,735863.42
26963,2017-07-09 04:00:00,BTCUSD,2566.99,2579.84,2566.13,2572.95,272.25,700557.77
26964,2017-07-09 03:00:00,BTCUSD,2564.66,2569.83,2560.0,2566.99,272.21,698156.52
26965,2017-07-09 02:00:00,BTCUSD,2564.37,2565.0,2555.01,2564.66,165.47,423552.37
26966,2017-07-09 01:00:00,BTCUSD,2565.42,2566.95,2556.99,2564.37,226.58,580388.9
26967,2017-07-09 00:00:00,BTCUSD,2561.11,2572.93,2560.0,2565.42,376.65,966165.72
26968,2017-07-08 23:00:00,BTCUSD,2561.88,2561.88,2552.68,2561.11,612.72,1568013.21
26969,2017-07-08 22:00:00,BTCUSD,2541.67,2563.5,2541.07,2561.88,447.17,1142287.43
26970,2017-07-08 21:00:00,BTCUSD,2541.41,2547.48,2541.01,2541.67,167.94,427159.97
26971,2017-07-08 20:00:00,BTCUSD,2541.86,2553.0,2540.23,2541.41,208.13,530472.13
26972,2017-07-08 19:00:00,BTCUSD,2533.69,2549.0,2521.51,2541.86,266.25,675649.27
26973,2017-07-08 18:00:00,BTCUSD,2509.02,2533.69,2509.0,2533.69,190.18,479363.25
26974,2017-07-08 17:00:00,BTCUSD,2524.57,2524.59,2506.41,2509.02,355.12,892352.14
26975,2017-07-08 16:00:00,BTCUSD,2526.18,2533.69,2523.07,2524.57,239.29,605617.32
26976,2017-07-08 15:00:00,BTCUSD,2533.67,2533.67,2521.55,2526.18,354.14,896306.54
26977,2017-07-08 14:00:00,BTCUSD,2525.48,2533.69,2521.48,2533.67,576.78,1458178.5
26978,2017-07-08 13:00:00,BTCUSD,2525.87,2529.44,2522.45,2525.48,285.97,722164.03
26979,2017-07-08 12:00:00,BTCUSD,2508.25,2537.33,2508.25,2525.87,542.24,1371302.27
26980,2017-07-08 11:00:00,BTCUSD,2520.0,2521.31,2500.12,2508.25,151.78,381038.7
26981,2017-07-08 10:00:00,BTCUSD,2514.9,2525.71,2506.45,2520.0,177.27,446183.22
26982,2017-07-08 09:00:00,BTCUSD,2513.29,2518.64,2504.48,2514.9,76.9,193079.15
26983,2017-07-08 08:00:00,BTCUSD,2498.58,2513.29,2492.29,2513.29,157.65,394261.79
26984,2017-07-08 07:00:00,BTCUSD,2502.46,2523.95,2497.08,2498.58,227.66,570688.09
26985,2017-07-08 06:00:00,BTCUSD,2517.11,2518.44,2491.19,2502.46,258.42,647323.65
26986,2017-07-08 05:00:00,BTCUSD,2525.96,2529.99,2504.87,2517.11,277.87,699463.75
26987,2017-07-08 04:00:00,BTCUSD,2500.0,2529.18,2500.0,2525.96,526.47,1325985.73
26988,2017-07-08 03:00:00,BTCUSD,2483.36,2501.18,2478.22,2500.0,432.59,1078056.86
26989,2017-07-08 02:00:00,BTCUSD,2476.0,2494.92,2476.0,2483.36,415.95,1033994.16
26990,2017-07-08 01:00:00,BTCUSD,2492.78,2493.0,2471.22,2476.0,544.21,1351123.29
26991,2017-07-08 00:00:00,BTCUSD,2501.15,2503.02,2485.98,2492.78,371.02,925844.52
26992,2017-07-07 23:00:00,BTCUSD,2473.13,2502.03,2472.0,2501.15,540.89,1345162.46
26993,2017-07-07 22:00:00,BTCUSD,2494.86,2494.91,2473.12,2473.13,990.62,2458252.29
26994,2017-07-07 21:00:00,BTCUSD,2515.0,2523.51,2493.17,2494.86,502.01,1260070.34
26995,2017-07-07 20:00:00,BTCUSD,2527.99,2529.29,2515.0,2515.0,447.36,1127532.9
26996,2017-07-07 19:00:00,BTCUSD,2515.95,2529.95,2515.66,2527.99,343.8,867899.28
26997,2017-07-07 18:00:00,BTCUSD,2528.99,2535.29,2501.1,2515.95,823.62,2077491.97
26998,2017-07-07 17:00:00,BTCUSD,2518.03,2529.99,2518.02,2528.99,637.14,1608393.24
26999,2017-07-07 16:00:00,BTCUSD,2525.33,2525.99,2515.0,2518.03,837.79,2111746.74
27000,2017-07-07 15:00:00,BTCUSD,2514.79,2526.0,2490.91,2525.33,633.42,1591188.72
27001,2017-07-07 14:00:00,BTCUSD,2517.1,2531.0,2505.26,2514.79,625.09,1575547.79
27002,2017-07-07 13:00:00,BTCUSD,2535.12,2539.0,2510.0,2517.1,378.18,957431.16
27003,2017-07-07 12:00:00,BTCUSD,2556.0,2559.97,2532.62,2535.12,827.04,2103853.8
27004,2017-07-07 11:00:00,BTCUSD,2582.68,2582.76,2556.0,2556.0,373.34,958077.96
27005,2017-07-07 10:00:00,BTCUSD,2573.32,2586.62,2572.09,2582.68,146.47,377922.14
27006,2017-07-07 09:00:00,BTCUSD,2570.13,2574.49,2567.61,2573.32,117.11,301119.6
27007,2017-07-07 08:00:00,BTCUSD,2575.71,2575.72,2567.52,2570.13,193.22,496447.51
27008,2017-07-07 07:00:00,BTCUSD,2576.01,2576.57,2568.0,2575.71,486.01,1250272.25
27009,2017-07-07 06:00:00,BTCUSD,2595.53,2597.88,2576.0,2576.01,436.2,1127504.14
27010,2017-07-07 05:00:00,BTCUSD,2594.55,2596.89,2589.16,2595.53,166.2,431100.89
27011,2017-07-07 04:00:00,BTCUSD,2597.31,2599.42,2589.0,2594.55,303.95,789215.5
27012,2017-07-07 03:00:00,BTCUSD,2591.1,2597.75,2589.0,2597.31,348.81,904396.4
27013,2017-07-07 02:00:00,BTCUSD,2602.6,2607.61,2590.02,2591.1,674.44,1751529.28
27014,2017-07-07 01:00:00,BTCUSD,2606.0,2606.52,2591.63,2602.6,407.39,1059781.27
27015,2017-07-07 00:00:00,BTCUSD,2604.84,2606.0,2600.26,2606.0,393.39,1024825.3
27016,2017-07-06 23:00:00,BTCUSD,2604.46,2605.5,2600.0,2604.84,304.52,792935.83
27017,2017-07-06 22:00:00,BTCUSD,2598.44,2605.1,2590.76,2604.46,503.14,1308086.28
27018,2017-07-06 21:00:00,BTCUSD,2597.51,2599.0,2594.04,2598.44,427.5,1110287.01
27019,2017-07-06 20:00:00,BTCUSD,2600.0,2608.98,2593.2,2597.51,311.26,809507.44
27020,2017-07-06 19:00:00,BTCUSD,2590.96,2600.0,2590.91,2600.0,358.6,929897.39
27021,2017-07-06 18:00:00,BTCUSD,2594.05,2596.28,2590.95,2590.96,353.85,917506.29
27022,2017-07-06 17:00:00,BTCUSD,2594.47,2598.96,2590.0,2594.05,413.3,1071798.51
27023,2017-07-06 16:00:00,BTCUSD,2583.95,2594.99,2580.69,2594.47,420.84,1088632.46
27024,2017-07-06 15:00:00,BTCUSD,2585.23,2590.0,2580.77,2583.95,518.32,1340411.97
27025,2017-07-06 14:00:00,BTCUSD,2591.6,2597.93,2585.23,2585.23,445.58,1154249.77
27026,2017-07-06 13:00:00,BTCUSD,2598.54,2600.0,2585.0,2591.6,380.24,985283.39
27027,2017-07-06 12:00:00,BTCUSD,2602.98,2607.0,2597.44,2598.54,382.97,996459.01
27028,2017-07-06 11:00:00,BTCUSD,2598.16,2603.0,2590.36,2602.98,297.3,772903.29
27029,2017-07-06 10:00:00,BTCUSD,2585.05,2604.09,2582.96,2598.16,199.04,516830.69
27030,2017-07-06 09:00:00,BTCUSD,2612.34,2614.93,2580.73,2585.05,484.7,1257309.41
27031,2017-07-06 08:00:00,BTCUSD,2608.09,2613.0,2601.22,2612.34,228.13,595511.75
27032,2017-07-06 07:00:00,BTCUSD,2605.8,2609.1,2593.82,2608.09,355.16,923810.79
27033,2017-07-06 06:00:00,BTCUSD,2600.0,2607.0,2597.23,2605.8,148.25,385699.79
27034,2017-07-06 05:00:00,BTCUSD,2607.97,2609.93,2596.57,2600.0,217.51,566338.79
27035,2017-07-06 04:00:00,BTCUSD,2616.99,2617.0,2606.22,2607.97,224.32,585633.31
27036,2017-07-06 03:00:00,BTCUSD,2610.0,2617.0,2606.86,2616.99,245.43,641468.26
27037,2017-07-06 02:00:00,BTCUSD,2603.01,2610.0,2603.0,2610.0,234.42,610972.83
27038,2017-07-06 01:00:00,BTCUSD,2615.85,2615.85,2600.14,2603.01,393.2,1025148.32
27039,2017-07-06 00:00:00,BTCUSD,2616.96,2623.54,2608.93,2615.85,348.66,912701.2
27040,2017-07-05 23:00:00,BTCUSD,2611.64,2620.0,2602.11,2616.96,378.66,988621.57
27041,2017-07-05 22:00:00,BTCUSD,2615.15,2630.24,2611.64,2611.64,392.55,1028815.61
27042,2017-07-05 21:00:00,BTCUSD,2608.6,2615.15,2597.92,2615.15,430.78,1122062.06
27043,2017-07-05 20:00:00,BTCUSD,2623.79,2623.99,2604.1,2608.6,456.35,1193438.38
27044,2017-07-05 19:00:00,BTCUSD,2603.45,2624.0,2594.39,2623.79,458.48,1197098.49
27045,2017-07-05 18:00:00,BTCUSD,2598.0,2612.0,2593.24,2603.45,827.54,2153891.19
27046,2017-07-05 17:00:00,BTCUSD,2578.96,2598.0,2573.02,2598.0,443.96,1147597.69
27047,2017-07-05 16:00:00,BTCUSD,2573.91,2585.47,2570.71,2578.96,484.24,1249833.7
27048,2017-07-05 15:00:00,BTCUSD,2567.01,2575.75,2556.38,2573.91,416.4,1068075.44
27049,2017-07-05 14:00:00,BTCUSD,2575.72,2576.99,2556.68,2567.01,638.39,1639218.0
27050,2017-07-05 13:00:00,BTCUSD,2555.72,2575.72,2551.06,2575.72,873.67,2241247.63
27051,2017-07-05 12:00:00,BTCUSD,2572.06,2573.0,2555.72,2555.72,475.8,1220262.71
27052,2017-07-05 11:00:00,BTCUSD,2570.01,2578.93,2569.43,2572.06,214.09,551120.93
27053,2017-07-05 10:00:00,BTCUSD,2568.4,2575.03,2567.34,2570.01,155.21,399202.88
27054,2017-07-05 09:00:00,BTCUSD,2570.7,2574.57,2560.8,2568.4,192.25,493826.64
27055,2017-07-05 08:00:00,BTCUSD,2558.37,2571.65,2552.37,2570.7,283.0,724812.65
27056,2017-07-05 07:00:00,BTCUSD,2563.24,2567.07,2553.04,2558.37,304.65,779991.02
27057,2017-07-05 06:00:00,BTCUSD,2571.76,2576.77,2555.34,2563.24,285.46,732525.02
27058,2017-07-05 05:00:00,BTCUSD,2572.85,2572.85,2561.49,2571.76,260.02,667664.56
27059,2017-07-05 04:00:00,BTCUSD,2576.12,2579.0,2559.01,2572.85,282.93,727147.95
27060,2017-07-05 03:00:00,BTCUSD,2580.85,2587.64,2572.89,2576.12,301.5,778614.64
27061,2017-07-05 02:00:00,BTCUSD,2584.27,2584.32,2571.36,2580.85,397.47,1025046.26
27062,2017-07-05 01:00:00,BTCUSD,2578.97,2593.51,2576.25,2584.27,394.05,1018832.91
27063,2017-07-05 00:00:00,BTCUSD,2602.0,2602.82,2577.51,2578.97,833.53,2162494.38
27064,2017-07-04 23:00:00,BTCUSD,2595.98,2611.45,2591.32,2602.0,580.95,1511685.24
27065,2017-07-04 22:00:00,BTCUSD,2582.36,2596.0,2579.41,2595.98,328.94,852406.83
27066,2017-07-04 21:00:00,BTCUSD,2579.09,2590.05,2574.71,2582.36,442.23,1143030.49
27067,2017-07-04 20:00:00,BTCUSD,2566.51,2586.99,2563.02,2579.09,216.02,556118.78
27068,2017-07-04 19:00:00,BTCUSD,2586.71,2588.24,2566.51,2566.51,318.24,820505.19
27069,2017-07-04 18:00:00,BTCUSD,2594.0,2595.72,2579.56,2586.71,305.56,791433.41
27070,2017-07-04 17:00:00,BTCUSD,2570.25,2595.89,2567.37,2594.0,489.14,1263709.31
27071,2017-07-04 16:00:00,BTCUSD,2587.0,2587.06,2560.0,2570.25,1010.42,2599222.37
27072,2017-07-04 15:00:00,BTCUSD,2612.72,2616.13,2577.88,2587.0,547.14,1418149.21
27073,2017-07-04 14:00:00,BTCUSD,2617.88,2621.01,2610.0,2612.72,495.7,1296656.48
27074,2017-07-04 13:00:00,BTCUSD,2616.22,2626.0,2610.07,2617.88,449.95,1178798.95
27075,2017-07-04 12:00:00,BTCUSD,2614.93,2621.57,2609.03,2616.22,256.14,670328.03
27076,2017-07-04 11:00:00,BTCUSD,2594.83,2614.94,2594.83,2614.93,369.14,961681.31
27077,2017-07-04 10:00:00,BTCUSD,2605.1,2605.12,2581.12,2594.83,143.89,373323.76
27078,2017-07-04 09:00:00,BTCUSD,2594.49,2609.99,2593.86,2605.1,112.84,293760.31
27079,2017-07-04 08:00:00,BTCUSD,2630.93,2630.93,2594.49,2594.49,345.53,902229.12
27080,2017-07-04 07:00:00,BTCUSD,2625.9,2636.1,2621.02,2630.93,202.35,531708.39
27081,2017-07-04 06:00:00,BTCUSD,2621.0,2628.15,2615.0,2625.9,329.38,862506.02
27082,2017-07-04 05:00:00,BTCUSD,2620.0,2636.04,2611.3,2621.0,644.18,1691520.85
27083,2017-07-04 04:00:00,BTCUSD,2616.28,2625.47,2605.17,2620.0,467.02,1221167.35
27084,2017-07-04 03:00:00,BTCUSD,2607.1,2625.0,2601.0,2616.28,1266.24,3311151.43
27085,2017-07-04 02:00:00,BTCUSD,2566.27,2610.77,2566.0,2607.1,830.62,2147769.04
27086,2017-07-04 01:00:00,BTCUSD,2560.93,2570.0,2560.92,2566.27,276.22,708317.11
27087,2017-07-04 00:00:00,BTCUSD,2542.41,2564.0,2542.18,2560.93,247.03,631450.23
27088,2017-07-03 23:00:00,BTCUSD,2554.4,2557.15,2541.9,2542.41,262.95,670974.2
27089,2017-07-03 22:00:00,BTCUSD,2559.98,2573.84,2552.01,2554.4,387.05,992687.47
27090,2017-07-03 21:00:00,BTCUSD,2556.02,2559.99,2550.0,2559.98,386.0,986807.45
27091,2017-07-03 20:00:00,BTCUSD,2547.43,2559.12,2547.16,2556.02,416.77,1063723.97
27092,2017-07-03 19:00:00,BTCUSD,2528.8,2548.02,2528.1,2547.43,332.44,843361.36
27093,2017-07-03 18:00:00,BTCUSD,2552.37,2553.62,2526.83,2528.8,617.11,1565459.14
27094,2017-07-03 17:00:00,BTCUSD,2563.0,2564.92,2550.0,2552.37,372.57,951763.23
27095,2017-07-03 16:00:00,BTCUSD,2569.98,2573.97,2555.0,2563.0,447.44,1146695.19
27096,2017-07-03 15:00:00,BTCUSD,2550.0,2576.45,2543.83,2569.98,543.07,1388071.82
27097,2017-07-03 14:00:00,BTCUSD,2560.0,2584.78,2539.37,2550.0,811.11,2079482.25
27098,2017-07-03 13:00:00,BTCUSD,2519.38,2570.0,2518.46,2560.0,754.54,1920307.83
27099,2017-07-03 12:00:00,BTCUSD,2502.3,2524.0,2502.05,2519.38,488.0,1226509.51
27100,2017-07-03 11:00:00,BTCUSD,2482.09,2502.3,2479.75,2502.3,375.44,935469.25
27101,2017-07-03 10:00:00,BTCUSD,2489.09,2496.13,2480.11,2482.09,186.78,464571.99
27102,2017-07-03 09:00:00,BTCUSD,2483.72,2493.77,2479.75,2489.09,181.49,450826.47
27103,2017-07-03 08:00:00,BTCUSD,2481.72,2492.19,2481.72,2483.72,166.93,415151.65
27104,2017-07-03 07:00:00,BTCUSD,2499.98,2502.0,2481.72,2481.72,297.38,742173.24
27105,2017-07-03 06:00:00,BTCUSD,2497.61,2499.99,2490.56,2499.98,185.14,461998.47
27106,2017-07-03 05:00:00,BTCUSD,2498.92,2499.99,2481.72,2497.61,660.14,1645439.59
27107,2017-07-03 04:00:00,BTCUSD,2490.83,2499.92,2487.04,2498.92,484.4,1207907.74
27108,2017-07-03 03:00:00,BTCUSD,2491.4,2497.67,2487.04,2490.83,330.36,822813.2
27109,2017-07-03 02:00:00,BTCUSD,2500.0,2501.0,2490.32,2491.4,371.84,927458.54
27110,2017-07-03 01:00:00,BTCUSD,2500.97,2501.0,2495.36,2500.0,448.9,1121514.73
27111,2017-07-03 00:00:00,BTCUSD,2516.66,2519.9,2499.2,2500.97,536.4,1343065.07
27112,2017-07-02 23:00:00,BTCUSD,2517.01,2545.0,2507.57,2516.66,463.27,1171405.78
27113,2017-07-02 22:00:00,BTCUSD,2525.0,2525.0,2506.0,2517.01,454.22,1142345.43
27114,2017-07-02 21:00:00,BTCUSD,2504.09,2525.0,2495.56,2525.0,604.59,1517763.57
27115,2017-07-02 20:00:00,BTCUSD,2492.61,2504.41,2488.01,2504.09,297.05,741224.65
27116,2017-07-02 19:00:00,BTCUSD,2490.08,2506.11,2478.43,2492.61,649.85,1619701.03
27117,2017-07-02 18:00:00,BTCUSD,2496.37,2526.72,2490.0,2490.08,796.35,2003965.15
27118,2017-07-02 17:00:00,BTCUSD,2476.41,2507.54,2474.23,2496.37,1216.26,3030780.24
27119,2017-07-02 16:00:00,BTCUSD,2463.86,2479.25,2462.17,2476.41,435.06,1075573.75
27120,2017-07-02 15:00:00,BTCUSD,2442.99,2463.86,2442.99,2463.86,393.42,964758.4
27121,2017-07-02 14:00:00,BTCUSD,2435.62,2444.29,2425.43,2442.99,221.08,538656.77
27122,2017-07-02 13:00:00,BTCUSD,2440.87,2450.35,2429.9,2435.62,269.83,657791.96
27123,2017-07-02 12:00:00,BTCUSD,2449.6,2450.03,2431.65,2440.87,101.0,246605.42
27124,2017-07-02 11:00:00,BTCUSD,2436.07,2450.0,2427.76,2449.6,112.67,274674.35
27125,2017-07-02 10:00:00,BTCUSD,2457.54,2457.54,2427.87,2436.07,98.17,239436.21
27126,2017-07-02 09:00:00,BTCUSD,2461.99,2461.99,2450.0,2457.54,214.1,526054.35
27127,2017-07-02 08:00:00,BTCUSD,2431.95,2461.99,2428.98,2461.99,307.95,754201.39
27128,2017-07-02 07:00:00,BTCUSD,2421.55,2439.97,2418.33,2431.95,219.87,534770.54
27129,2017-07-02 06:00:00,BTCUSD,2439.97,2439.99,2415.19,2421.55,138.82,337239.24
27130,2017-07-02 05:00:00,BTCUSD,2412.0,2439.99,2411.99,2439.97,354.39,861781.42
27131,2017-07-02 04:00:00,BTCUSD,2404.99,2412.0,2398.36,2412.0,202.17,486296.9
27132,2017-07-02 03:00:00,BTCUSD,2407.81,2410.0,2397.63,2404.99,200.61,482431.83
27133,2017-07-02 02:00:00,BTCUSD,2409.9,2411.0,2385.52,2407.81,387.75,929614.06
27134,2017-07-02 01:00:00,BTCUSD,2391.87,2419.9,2385.0,2409.9,370.78,891186.2
27135,2017-07-02 00:00:00,BTCUSD,2423.63,2426.0,2389.99,2391.87,565.71,1362475.58
27136,2017-07-01 23:00:00,BTCUSD,2424.99,2431.94,2414.8,2423.63,355.01,860453.28
27137,2017-07-01 22:00:00,BTCUSD,2416.62,2425.0,2400.0,2424.99,344.87,832381.61
27138,2017-07-01 21:00:00,BTCUSD,2408.25,2420.0,2401.0,2416.62,632.73,1525686.34
27139,2017-07-01 20:00:00,BTCUSD,2435.99,2438.95,2404.61,2408.25,671.04,1623098.44
27140,2017-07-01 19:00:00,BTCUSD,2425.94,2437.86,2406.44,2435.99,461.2,1118954.38
27141,2017-07-01 18:00:00,BTCUSD,2445.99,2455.86,2414.0,2425.94,536.06,1303397.79
27142,2017-07-01 17:00:00,BTCUSD,2460.01,2460.68,2428.03,2445.99,370.26,904722.49
27143,2017-07-01 16:00:00,BTCUSD,2467.83,2469.99,2450.0,2460.01,330.01,811494.29
27144,2017-07-01 15:00:00,BTCUSD,2459.35,2475.0,2450.0,2467.83,276.82,682105.41
27145,2017-07-01 14:00:00,BTCUSD,2454.43,2473.93,2450.83,2459.35,289.42,712864.8
27146,2017-07-01 13:00:00,BTCUSD,2488.43,2488.43,2454.4,2454.43,280.28,693254.01
27147,2017-07-01 12:00:00,BTCUSD,2509.17,2512.87,2484.99,2488.43,157.36,393142.5
27148,2017-07-01 11:00:00,BTCUSD,2505.56,2513.38,2495.12,2509.17,114.6,287000.32
